,,Time Trial,,,,,Best 3 Laps,,,,,,Best 10 Laps,,,,,
Track ID,Track Name,Time,Car,Driver,Device,Proof,Time,Car,Driver,Device,Proof,Extra,Time,Car,Driver,Device,Proof,Extra
1,Toys in the Hood 1,00:38:781,Panga,Dolo,Wheel,Image,02:01:225,Panga,Ahma,Wheel,Image,,06:45:616,Panga,Ahma,Wheel,Image,
2,Supermarket 2,00:16:591,Toyeca,Dolo,Wheel,Image,00:51:520,Toyeca,Dolo,Wheel,Image,,02:49:327,Toyeca,Dolo,Wheel,Video,
3,Museum 2,00:33:935,Toyeca,Dolo,Wheel,Image,01:43:643,Toyeca,Kiki,Keyboard,Image,,05:44:858,Toyeca,Famous,Keyboard,Image,
4,Botanical Garden,00:22:051,Toyeca,Famous,Keyboard,Video,01:07:827,Toyeca,OhNej,Keyboard,Video,,03:47:268,Toyeca,Ahma,Keyboard,Image,
5,Rooftops,00:39:876,Toyeca,BGM,Keyboard,Video,02:02:562,Toyeca,Kilabarus,Keyboard,Image,,06:47:224,Toyeca,Kilabarus,Keyboard,Image,
6,Toy World 1,00:21:269,Panga,Dolo,Wheel,Image,01:06:539,Panga,Ahma,Wheel,Video,,03:41:944,Cougar,Ahma,Wheel,Image,
7,Ghost Town 1,00:21:065,Toyeca,Dolo,Wheel,Image,01:05:184,Toyeca,Famous,Keyboard,Video,,03:37:624,Toyeca,OhNej,Keyboard,Video,
8,Toy World 2,00:28:119,Toyeca,Dolo,Wheel,Image,01:25:760,Toyeca,Dolo,Wheel,Image,,04:45:136,Toyeca,Dolo,Wheel,Image,
9,Toys in the Hood 2,00:34:789,Toyeca,Dolo,Wheel,Image,01:46:907,Toyeca,Dolo,Wheel,Image,,06:01:002,Toyeca,Laggeerok,Keyboard,Image,
10,Toytanic 1,00:44:911,Toyeca,Stingox,Keyboard,Video,02:16:905,Toyeca,Famous,Keyboard,Video,,07:37:499,Toyeca,Ahma,Keyboard,Image,
11,Museum 1,00:47:908,Toyeca,BGM,Keyboard,Video,02:27:710,Toyeca,Macacosky,Keyboard,Video,,08:13:554,Toyeca,Famous,Keyboard,Video,
12,Supermarket 1,00:31:547,Toyeca,Famous,Keyboard,Video,01:37:986,Toyeca,Famous,Keyboard,Image,,05:27:735,Toyeca,Famous,Keyboard,Image,
13,Ghost Town 2,00:30:280,Panga,Ahma,Wheel,Video,01:33:577,Toyeca,Famous,Keyboard,Video,,05:13:890,Toyeca,Ahma,Keyboard,Image,Replay
14,Airport 1,00:36:509,Toyeca,Stingox,Keyboard,Video,01:51:536,Toyeca,Kiki,Keyboard,Video,,,,,,,
15,Aqueduct,00:27:225,Toyeca,Nickurn,Keyboard,,01:23:464,Toyeca,Kiki,Keyboard,Image,,,,,,,
16,Biohazard Factory,00:52:174,Toyeca,Famous,Keyboard,Video,02:40:874,Toyeca,Kiki,Keyboard,Video,,,,,,,
17,Cake,00:31:305,Toyeca,Nickurn,Keyboard,Video,01:35:977,Toyeca,Famous,Keyboard,Video,,,,,,,
18,Casino RV,00:40:878,Toyeca,Stingox,Keyboard,Video,02:05:418,Toyeca,Famous,Keyboard,Video,,,,,,,
19,Castle 1,00:48:605,Toyeca,Stingox,Keyboard,Video,02:28:332,Toyeca,Nickurn,Keyboard,Image,,,,,,,
20,Castle 2,00:40:885,Toyeca,Kiki,Keyboard,Video,02:04:898,Toyeca,Kiki,Keyboard,Image,,,,,,,
21,Christmas Snow Globe,00:24:505,Toyeca,Famous,Keyboard,Video,01:14:908,Toyeca,Kiki,Keyboard,Image,,,,,,,
22,Cliffside Court,00:31:461,Toyeca,Famous,Keyboard,Video,01:35:969,Toyeca,Famous,Keyboard,Video,,,,,,,
23,Cumulonimbus Clouds,00:33:312,Toyeca,Nickurn,Keyboard,Image,01:40:964,Toyeca,Famous,Keyboard,Video,,,,,,,
24,Desolate District 1,00:40:374,Toyeca,Kilabarus,Keyboard,Image,02:10:495,Humma,Nickurn,Keyboard,Image,,,,,,,
25,Downtown 1,00:45:214,Cougar,Kilabarus,Keyboard,Image,02:18:391,Toyeca,Kiki,Keyboard,Video,,,,,,,
26,Downtown 2,00:54:817,Toyeca,Nickurn,Keyboard,Video,02:49:291,Toyeca,Kiki,Keyboard,Image,,,,,,,
27,Elementary 1,00:22:680,Toyeca,Kilabarus,Keyboard,Image,01:12:672,Cougar,Erzu,Keyboard,Image,,,,,,,
28,Elementary 2,00:23:530,Cougar,Nickurn,Keyboard,Video,01:12:725,Cougar,Ryals,Keyboard,Video,,,,,,,
29,Endgame (Fools Mate 2.1),00:34:706,Toyeca,Famous,Keyboard,Video,01:46:872,Toyeca,Famous,Keyboard,Video,,,,,,,
30,Floating World,00:21:856,Toyeca,Famous,Keyboard,Video,01:09:536,Toyeca,Frosttbitten,Keyboard,Video,,,,,,,
31,Fools Mate2 (Check Mate),00:31:723,Toyeca,Dolo,Wheel,Image,01:37:536,Toyeca,Frosttbitten,Keyboard,Video,,,,,,,
32,Freyja,00:33:103,Toyeca,Frosttbitten,Keyboard,Video,01:41:712,Toyeca,Frosttbitten,Keyboard,Video,,,,,,,
33,Game Room 1,00:24:864,Toyeca,Kiki,Keyboard,Image,01:15:496,Toyeca,Kiki,Keyboard,Image,,,,,,,
34,Game Room 2,00:36:526,Toyeca,Kilabarus,Keyboard,Video,01:51:451,Toyeca,Kiki,Keyboard,Image,,,,,,,
35,Ghost Town 3,00:42:921,Toyeca,Nickurn,Keyboard,Video,02:12:513,Toyeca,Kiki,Keyboard,Image,,,,,,,
36,Glass,00:39:309,Toyeca,Kiki,Keyboard,Image,02:00:560,Toyeca,Kiki,Keyboard,Image,,,,,,,
37,Grisville,00:42:235,Toyeca,Nickurn,Keyboard,Video,02:09:893,Toyeca,Kiki,Keyboard,Video,,,,,,,
38,Hallows Eve,00:43:375,Humma,Stingox,Keyboard,Video,02:16:483,Toyeca,Frosttbitten,Keyboard,Video,,,,,,,
39,Helios by human,00:41:567,Toyeca,Stingox,Keyboard,Image,02:06:545,Toyeca,Kiki,Keyboard,Image,,,,,,,
40,Home 1,00:13:563,Toyeca,Kiki,Keyboard,Video,00:42:124,Toyeca,Kiki,Keyboard,Image,,,,,,,
41,Home 2,00:28:794,Cougar,Vendett,Keyboard,Image,01:28:353,Toyeca,Ahma,Keyboard,Image,,,,,,,
42,Hospital 1,00:36:432,Toyeca,Stingox,Keyboard,Video,01:51:757,Toyeca,Kiki,Keyboard,,,,,,,,
43,Hospital 2,00:25:958,Toyeca,Lampaert,Keyboard,Video,01:20:174,Toyeca,Kiki,Keyboard,Image,,,,,,,
44,Hull Breach 3000,00:35:097,Toyeca,Frosttbitten,Keyboard,Video,01:46:021,Toyeca,Frosttbitten,Keyboard,Video,,,,,,,
45,Jailhouse Rock,00:48:001,Toyeca,Famous,Keyboard,Image,02:26:115,Toyeca,Kiki,Keyboard,Video,,,,,,,
46,Kadish Sprint,00:58:523,Toyeca,Nickurn,Keyboard,Image,02:58:857,Toyeca,Frosttbitten,Keyboard,Video,,,,,,,
47,Library,00:42:618,Toyeca,Kilabarus,Keyboard,Image,02:13:368,Toyeca,Frosttbitten,Keyboard,Video,,,,,,,
48,Mansion,00:41:923,Toyeca,Kiki,Keyboard,Image,02:16:615,Humma,Nickurn,Keyboard,Image,,,,,,,
49,Medieval Mayhem,00:45:989,Toyeca,Frosttbitten,Keyboard,Video,02:19:714,Toyeca,Frosttbitten,Keyboard,Video,,,,,,,
50,Metro-Volt by human,00:41:151,Toyeca,Frosttbitten,Keyboard,Image,02:07:944,Toyeca,Kiki,Keyboard,Image,,,,,,,
51,Miami Manic,00:19:312,Toyeca,Frosttbitten,Keyboard,Video,01:03:299,Toyeca,Kiki,Keyboard,,,,,,,,
52,Moon Dawn,01:27:238,Toyeca,Lampaert,Keyboard,Image,04:25:288,Toyeca,Ahma,Keyboard,Image,,,,,,,
53,Museum 3,00:38:469,Toyeca,Frosttbitten,Keyboard,Video,01:59:112,Toyeca,Frosttbitten,Keyboard,Video,,,,,,,
54,Museum EX,01:01:958,Toyeca,Powerate,Keyboard,Image,03:11:233,Toyeca,Frosttbitten,Keyboard,Video,,,,,,,
55,Penny Racers - Caves,00:26:291,Toyeca,Famous,Keyboard,Video,01:21:712,Toyeca,Frosttbitten,Keyboard,Video,,,,,,,
56,Penny Racers - Harbour,00:38:563,Toyeca,Famous,Keyboard,Video,01:58:091,Toyeca,Frosttbitten,Keyboard,Video,,,,,,,
57,PetroVolt,00:59:988,Toyeca,Gforce,Keyboard,Video,03:04:740,Toyeca,Kiki,Keyboard,Image,,,,,,,
58,Port Limano 1,00:19:005,Toyeca,Stingox,Keyboard,Video,00:59:152,Toyeca,Kiki,Keyboard,Image,,,,,,,
59,Port Limano 2,00:38:511,Toyeca,Stingox,Keyboard,Video,01:57:798,Toyeca,Kiki,Keyboard,Video,,,,,,,
60,Quake!,00:53:726,Toyeca,Frosttbitten,Keyboard,Video,02:45:188,Toyeca,Kiki,Keyboard,Image,,,,,,,
61,Radioactive Garden,00:25:203,Toyeca,Famous,Keyboard,Image,01:16:704,Toyeca,Kiki,Keyboard,Video,,,,,,,
62,Re-Ville,00:40:048,Toyeca,Nickurn,Keyboard,Video,02:07:592,Toyeca,Nickurn,Keyboard,Image,,,,,,,
63,Roofbottom,00:28:959,Cougar,Vendett,Keyboard,Image,01:28:973,Toyeca,Kiki,Keyboard,Video,,,,,,,
64,Rooftop Chase: Redux,00:41:730,Toyeca,Kiki,Keyboard,Video,02:07:908,Toyeca,Kiki,Keyboard,Image,,,,,,,
65,Rooftops 1,00:47:953,Toyeca,Nickurn,Keyboard,Video,02:26:064,Toyeca,Nickurn,Keyboard,Video,,,,,,,
66,Room 12x16,00:25:030,Toyeca,Kiki,Keyboard,Image,01:16:972,Toyeca,Kiki,Keyboard,Image,,,,,,,
67,Route-77,00:34:986,Cougar,Frosttbitten,Keyboard,Video,01:47:528,Cougar,Frosttbitten,Keyboard,Video,,,,,,,
68,Sakura,00:50:373,Toyeca,Frosttbitten,Keyboard,Video,02:34:081,Toyeca,Kiki,Keyboard,Image,,,,,,,
69,Santorini,00:31:006,Toyeca,Stingox,Keyboard,Video,01:34:299,Toyeca,Frosttbitten,Keyboard,Video,,,,,,,
70,SBX Alpine,00:37:191,Humma,Stingox,Keyboard,Video,01:53:201,Toyeca,Frosttbitten,Keyboard,Video,,,,,,,
71,School's Out! 1,00:30:019,Panga,Frosttbitten,Keyboard,Video,01:31:395,Toyeca,Kiki,Keyboard,Video,,,,,,,
72,School's Out! 2,01:44:480,Toyeca,Gforce,Keyboard,Image,05:17:960,Toyeca,Kiki,Keyboard,Image,,,,,,,
73,Shakespeare Library,00:40:668,Toyeca,Famous,Keyboard,Video,02:04:243,Toyeca,Kiki,Keyboard,Video,,,,,,,
74,Skating Toys Redux,01:09:198,Toyeca,Kilabarus,Keyboard,Image,03:34:180,Toyeca,Nickurn,Keyboard,Image,,,,,,,
75,Spoinky Doinky 1,02:05:018,Toyeca,Kilabarus,Keyboard,Image,08:36:665,AMW,Erzu,Keyboard,Image,,,,,,,
76,StadVolt,00:34:137,Toyeca,Kiki,Keyboard,Image,01:44:784,Toyeca,Kiki,Keyboard,Image,,,,,,,
77,Subway 2,00:59:854,Toyeca,Famous,Keyboard,Video,03:04:699,Toyeca,Ahma,Keyboard,Image,,,,,,,
78,Synthwave,00:31:321,Toyeca,Kilabarus,Keyboard,Image,01:35:988,Toyeca,Laggeerok,Keyboard,Video,,,,,,,
79,Tetris Festival,00:29:666,Toyeca,Kilabarus,Keyboard,Image,01:30:664,Toyeca,OhNej,Keyboard,Video,,,,,,,
80,The bunker,00:31:960,Toyeca,Nickurn,Keyboard,Video,01:37:712,Toyeca,Kiki,Keyboard,Video,,,,,,,
81,The Great Silence,00:40:971,Toyeca,Stingox,Keyboard,Video,02:07:941,Toyeca,Kiki,Keyboard,Image,,,,,,,
82,Toy World 3,00:40:378,Toyeca,12321,Keyboard,Video,02:03:376,Toyeca,Ahma,Keyboard,Image,,,,,,,
83,Toy World Aquatica: Redux,00:38:692,Toyeca,Stingox,Keyboard,Image,01:57:676,Toyeca,Famous,Keyboard,Video,,,,,,,
84,Toy World EX,00:41:839,Toyeca,Kiki,Keyboard,Image,02:07:477,Toyeca,Kiki,Keyboard,Image,,,,,,,
85,Toy World Mayhem,00:31:759,Toyeca,Famous,Keyboard,Video,01:37:206,Toyeca,Kiki,Keyboard,Video,,,,,,,
86,Tuscany,00:31:801,Toyeca,Stingox,Keyboard,Video,01:37:972,Toyeca,Kiki,Keyboard,Image,,,,,,,
87,Urban Sprint 1,00:41:655,Toyeca,Stingox,Keyboard,Image,02:07:621,Toyeca,Kiki,Keyboard,Video,,,,,,,
88,urbanX,00:39:032,Toyeca,Lampaert,Keyboard,Video,01:59:654,Toyeca,Nickurn,Keyboard,Image,,,,,,,
89,Venice,00:39:579,Toyeca,Famous,Keyboard,Video,02:00:888,Toyeca,Kiki,Keyboard,Image,,,,,,,
90,White Rose Chapel,00:46:740,Toyeca,Stingox,Keyboard,Video,02:22:794,Toyeca,Kiki,Keyboard,Image,,,,,,,
91,Wipeout,00:37:873,Toyeca,Nickurn,Keyboard,Video,01:55:426,Toyeca,Kiki,Keyboard,Image,,,,,,,
92,Wipeout 2097,00:28:812,Panga,Ahma,Wheel,Image,01:28:253,Panga,Ahma,Wheel,Video,,,,,,,